_no;_site;_type;daily_pageviews;daily_time_minutes;linked_sites;traffic_from_search
1;Okezone.com;True;4.26;12.33;10399;7.80
2;Google.com;False;17.07;90.0;1300441;0.30
3;Tribunnews.com;True;1.87;54.67;24091;60.10
4;Youtube.com;False;9.92;70.33;988820;14.60
5;Detik.com;True;4.25;102.67;32589;29.30
6;Kompas.com;True;2.01;86.33;30423;51.40
7;Pikiran-rakyat.com;False;2.55;6.0;5221;62.00
8;Kumparan.com;True;2.25;93.67;4943;51.50
9;Liputan6.com;True;2.22;72.33;14811;58.30
10;Tokopedia.com;False;7.34;15.33;49093;25.50
11;Grid.id;False;1.60;72.0;7044;64.10
12;Sindonews.com;True;2.45;7.33;4744;49.30
13;Jpnn.com;True;2.90;101.67;3392;28.70
14;Suara.com;True;2.30;81.33;4432;47.60
15;Bukalapak.com;False;3.59;68.33;20348;29.50
16;Merdeka.com;True;1.54;13.0;10113;64.00
17;Idntimes.com;False;5.45;100.0;4180;54.70
18;Viva.co.id;True;2.54;69.67;6910;26.20
19;Brilio.net;False;1.41;40.33;2075;62.60
20;Google.co.id;False;5.05;20.0;19564;20.00
21;Kapanlagi.com;False;3.06;61.33;7600;57.20
22;Alodokter.com;False;1.62;72.0;3858;78.10
23;Shopee.co.id;False;7.25;81.0;728;20.60
24;Yahoo.com;True;4.80;25.0;319186;8.40
25;Rctiplus.com;False;3.11;20.67;4366;33.20
26;Kontan.co.id;True;2.50;77.33;4587;51.30
27;Cnbcindonesia.com;True;2.17;33.0;2758;45.50
28;Cnnindonesia.com;True;2.27;64.0;6556;40.60
29;Vidio.com;False;3.54;6.67;15754;28.10
30;Zoom.us;False;3.89;23.0;3009;12.50
31;Bola.com;True;1.74;60.0;1301;65.30
32;Motorplus-online.com;True;1.40;25.33;1528;60.10
33;Inews.id;True;3.40;19.67;1334;32.80
34;Facebook.com;False;8.82;91.33;2181031;8.80
35;Republika.co.id;True;1.98;43.0;9922;54.10
36;Kompas.tv;True;1.30;67.0;2108;39.50
37;Insertlive.com;True;2.00;73.67;824;39.80
38;Bolasport.com;True;2.20;30.67;1102;39.60
39;Wikipedia.org;False;3.11;84.67;763999;73.90
40;Tempo.co;True;3.10;17.67;12509;45.10
41;Haibunda.com;False;2.91;48.0;866;29.40
42;Uzone.id;True;1.87;61.0;359206;13.10
43;Hops.id;False;1.60;20.33;530;56.40
44;Kemdikbud.go.id;False;4.83;37.33;6496;37.40
45;Sehatq.com;False;2.78;24.67;2800;68.70
46;Bola.net;True;3.36;73.33;3193;26.60
47;Wartaekonomi.co.id;True;1.78;19.67;1699;54.30
48;Bisnis.com;False;2.70;18.33;4558;43.70
49;Gridoto.com;True;1.50;40.33;1245;64.60
50;Kaskus.co.id;False;4.13;93.33;13782;31.20
